Frase amb a,Frase sense a ,Tipus SN,Prediccions a,Prediccions sense a,Model,Mitjana amb a,Mitjana sense a,Desviació estàndard amb a,Desviació estàndard sense a,Mitjana a tipus SN,Mitjana sense a tipus SN
Els policies busquen a la Carme per detenir-la d'immediat,Els policies busquen la Carme per detenir-la d'immediat,SN específic nom propi,-0.9090471863746643,-0.9360190033912659,projecte-aina/roberta-base-ca-v2,-0.7434225078048056,-0.7828242848740451,0.29780416622289535,0.4080959743674218,-0.8635370184654474,-1.0265834551149358
Els policies busquen a la delinqüent que està en forma per detenir-la d'immediat,Els policies busquen la delinqüent que està en forma per detenir-la d'immediat,SN específic definit,-0.7303599119186401,-0.7884480953216553,projecte-aina/roberta-base-ca-v2,,,,,-0.7032042504546957,-0.6937477937123427
Els policies busquen a una delinqüent que està en forma per detenir-la d'immediat,Els policies busquen una delinqüent que està en forma per detenir-la d'immediat,SN específic indefinit,-0.7639816403388977,-0.8130778074264526,projecte-aina/roberta-base-ca-v2,,,,,-0.7243142309275249,-0.7142692503435278
Els policies busquen a una delinqüent que estigui en forma per detenir-la d'immediat,Els policies busquen una delinqüent que estigui en forma per detenir-la d'immediat,SN inespecífic indefinit,-0.7700023651123047,-0.7998465299606323,projecte-aina/roberta-base-ca-v2,,,,,-0.6826345313715542,-0.6966966403253738
Les amigues busquen a la Bruna per jugar el partit,Les amigues busquen la Bruna per jugar el partit,SN específic nom propi,-0.9399758577346802,-0.9255830645561218,projecte-aina/roberta-base-ca-v2,,,,,-0.8635370184654474,-1.0265834551149358
Les amigues busquen a la nena que juga a bàsquet per jugar el partit,Les amigues busquen la nena que juga a bàsquet per jugar el partit,SN específic definit,-0.6378059983253479,-0.5879383087158203,projecte-aina/roberta-base-ca-v2,,,,,-0.7032042504546957,-0.6937477937123427
Les amigues busquen a una nena que juga a bàsquet per jugar el partit,Les amigues busquen una nena que juga a bàsquet per jugar el partit,SN específic indefinit,-0.6949959397315979,-0.6955385804176331,projecte-aina/roberta-base-ca-v2,,,,,-0.7243142309275249,-0.7142692503435278
Les amigues busquen a una nena que jugui a bàsquet per jugar el partit,Les amigues busquen una nena que jugui a bàsquet per jugar el partit,SN inespecífic indefinit,-0.5441999435424805,-0.4572499990463257,projecte-aina/roberta-base-ca-v2,,,,,-0.6826345313715542,-0.6966966403253738
Els propietaris busquen a la Carla per parlar del lloguer,Els propietaris busquen la Carla per parlar del lloguer,SN específic nom propi,-0.9509777426719666,-1.01674222946167,projecte-aina/roberta-base-ca-v2,,,,,-0.8635370184654474,-1.0265834551149358
Els propietaris busquen a la inquilina que viu en aquest pis per parlar del lloguer,Els propietaris busquen la inquilina que viu en aquest pis per parlar del lloguer,SN específic definit,-0.627132773399353,-0.6517124772071838,projecte-aina/roberta-base-ca-v2,,,,,-0.7032042504546957,-0.6937477937123427
Els propietaris busquen a una inquilina que viu en aquest pis per parlar del lloguer,Els propietaris busquen una inquilina que viu en aquest pis per parlar del lloguer,SN específic indefinit,-0.6253518462181091,-0.637252688407898,projecte-aina/roberta-base-ca-v2,,,,,-0.7243142309275249,-0.7142692503435278
Els propietaris busquen a una inquilina que visqui en aquest pis per parlar del lloguer,Els propietaris busquen una inquilina que visqui en aquest pis per parlar del lloguer,SN inespecífic indefinit,-0.552717924118042,-0.5733451843261719,projecte-aina/roberta-base-ca-v2,,,,,-0.6826345313715542,-0.6966966403253738
Les detectius busquen a la Victòria per investigar-la,Les detectius busquen la Victòria per investigar-la,SN específic nom propi,-0.959900438785553,-0.9291990399360657,projecte-aina/roberta-base-ca-v2,,,,,-0.8635370184654474,-1.0265834551149358
Les detectius busquen a la noia que és morena per investigar-la,Les detectius busquen la noia que és morena per investigar-la,SN específic definit,-0.49768391251564026,-0.29975417256355286,projecte-aina/roberta-base-ca-v2,,,,,-0.7032042504546957,-0.6937477937123427
Les detectius busquen a una noia que és morena per investigar-la,Les detectius busquen una noia que és morena per investigar-la,SN específic indefinit,-0.5025543570518494,-0.2796017825603485,projecte-aina/roberta-base-ca-v2,,,,,-0.7243142309275249,-0.7142692503435278
Les detectius busquen a una noia que sigui morena per investigar-la,Les detectius busquen una noia que sigui morena per investigar-la,SN inespecífic indefinit,-0.47195470333099365,-0.2553247809410095,projecte-aina/roberta-base-ca-v2,,,,,-0.6826345313715542,-0.6966966403253738
Les treballadores necessiten a la Patricia per parlar amb un client de Bilbao,Les treballadores necessiten la Patricia per parlar amb un client de Bilbao,SN específic nom propi,-0.8495227098464966,-0.921514093875885,projecte-aina/roberta-base-ca-v2,,,,,-0.8635370184654474,-1.0265834551149358
Les treballadores necessiten a la traductora que sap basc per parlar amb un client de Bilbao,Les treballadores necessiten la traductora que sap basc per parlar amb un client de Bilbao,SN específic definit,-0.7795732617378235,-0.7000494003295898,projecte-aina/roberta-base-ca-v2,,,,,-0.7032042504546957,-0.6937477937123427
Les treballadores necessiten a una traductora que sap basc per parlar amb un client de Bilbao,Les treballadores necessiten una traductora que sap basc per parlar amb un client de Bilbao,SN específic indefinit,-0.7883386015892029,-0.7300744652748108,projecte-aina/roberta-base-ca-v2,,,,,-0.7243142309275249,-0.7142692503435278
Les treballadores necessiten a una traductora que sàpiga basc per parlar amb un client de Bilbao,Les treballadores necessiten una traductora que sàpiga basc per parlar amb un client de Bilbao,SN inespecífic indefinit,-0.8114699125289917,-0.7549786567687988,projecte-aina/roberta-base-ca-v2,,,,,-0.6826345313715542,-0.6966966403253738
Els demandats necessiten a la Susanna per defensar-se,Els demandats necessiten la Susanna per defensar-se,SN específic nom propi,-1.1857966184616089,-1.7030898332595825,projecte-aina/roberta-base-ca-v2,,,,,-0.8635370184654474,-1.0265834551149358
Els demandats necessiten a l'advocada que té un bufet per defensar-se,Els demandats necessiten l'advocada que té un bufet per defensar-se,SN específic definit,-0.8295938968658447,-0.8719449043273926,projecte-aina/roberta-base-ca-v2,,,,,-0.7032042504546957,-0.6937477937123427
Els demandats necessiten a una advocada que té un bufet per defensar-se,Els demandats necessiten una advocada que té un bufet per defensar-se,SN específic indefinit,-0.8614528179168701,-0.8431318998336792,projecte-aina/roberta-base-ca-v2,,,,,-0.7243142309275249,-0.7142692503435278
Els demandats necessiten a una advocada que tingui un bufet per defensar-se,Els demandats necessiten una advocada que tingui un bufet per defensar-se,SN inespecífic indefinit,-0.8250813484191895,-0.8064663410186768,projecte-aina/roberta-base-ca-v2,,,,,-0.6826345313715542,-0.6966966403253738
Les universitàries necessiten a la Noemí per resoldre uns dubtes,Les universitàries necessiten la Noemí per resoldre uns dubtes,SN específic nom propi,-0.6029585003852844,-0.7413291335105896,projecte-aina/roberta-base-ca-v2,,,,,-0.8635370184654474,-1.0265834551149358
Les universitàries necessiten a la becaria que ensenya alemany per resoldre uns dubtes,Les universitàries necessiten la becaria que ensenya alemany per resoldre uns dubtes,SN específic definit,-0.7196769118309021,-0.746418297290802,projecte-aina/roberta-base-ca-v2,,,,,-0.7032042504546957,-0.6937477937123427
Les universitàries necessiten a una becaria que ensenya alemany per resoldre uns dubtes,Les universitàries necessiten una becaria que ensenya alemany per resoldre uns dubtes,SN específic indefinit,-0.7349079251289368,-0.7910648584365845,projecte-aina/roberta-base-ca-v2,,,,,-0.7243142309275249,-0.7142692503435278
Les universitàries necessiten a una becaria que ensenyi alemany per resoldre uns dubtes,Les universitàries necessiten una becaria que ensenyi alemany per resoldre uns dubtes,SN inespecífic indefinit,-0.6909972429275513,-0.7823467254638672,projecte-aina/roberta-base-ca-v2,,,,,-0.6826345313715542,-0.6966966403253738
Els avis necessiten a la Mercè per dutxar-se,Els avis necessiten la Mercè per dutxar-se,SN específic nom propi,-0.0010838204761967063,-0.001572765875607729,projecte-aina/roberta-base-ca-v2,,,,,-0.8635370184654474,-1.0265834551149358
Els avis necessiten a la assistenta que és infermera per dutxar-se,Els avis necessiten la assistenta que és infermera per dutxar-se,SN específic definit,-0.0012620887719094753,-0.001207502093166113,projecte-aina/roberta-base-ca-v2,,,,,-0.7032042504546957,-0.6937477937123427
Els avis necessiten a una assistenta que és infermera per dutxar-se,Els avis necessiten una assistenta que és infermera per dutxar-se,SN específic indefinit,-0.0005627557402476668,-0.0005304463556967676,projecte-aina/roberta-base-ca-v2,,,,,-0.7243142309275249,-0.7142692503435278
Els avis necessiten a una assistenta que sigui infermera per dutxar-se,Els avis necessiten una assistenta que sigui infermera per dutxar-se,SN inespecífic indefinit,-0.0007002755301073194,-0.0004962314269505441,projecte-aina/roberta-base-ca-v2,,,,,-0.6826345313715542,-0.6966966403253738
Els pacients reclamen a la Pilar perquè es troben molt malament,Els pacients reclamen la Pilar perquè es troben molt malament,SN específic nom propi,-1.0003445148468018,-0.9660861492156982,projecte-aina/roberta-base-ca-v2,,,,,-0.8635370184654474,-1.0265834551149358
Els pacients reclamen a la doctora que és especialista perquè es troben molt malament,Els pacients reclamen la doctora que és especialista perquè es troben molt malament,SN específic definit,-0.7576609253883362,-0.8006685972213745,projecte-aina/roberta-base-ca-v2,,,,,-0.7032042504546957,-0.6937477937123427
Els pacients reclamen a una doctora que és especialista perquè es troben molt malament,Els pacients reclamen una doctora que és especialista perquè es troben molt malament,SN específic indefinit,-0.796946108341217,-0.812475860118866,projecte-aina/roberta-base-ca-v2,,,,,-0.7243142309275249,-0.7142692503435278
Els pacients reclamen a una doctora que sigui especialista perquè es troben molt malament,Els pacients reclamen una doctora que sigui especialista perquè es troben molt malament,SN inespecífic indefinit,-0.7566734552383423,-0.7767032384872437,projecte-aina/roberta-base-ca-v2,,,,,-0.6826345313715542,-0.6966966403253738
Les investigadores reclamen a la Dolors per supervisar el projecte,Les investigadores reclamen la Dolors per supervisar el projecte,SN específic nom propi,-1.0723904371261597,-1.1711713075637817,projecte-aina/roberta-base-ca-v2,,,,,-0.8635370184654474,-1.0265834551149358
Les investigadores reclamen a la científica que parla japonès per supervisar el projecte,Les investigadores reclamen la científica que parla japonès per supervisar el projecte,SN específic definit,-0.793361246585846,-0.9573665857315063,projecte-aina/roberta-base-ca-v2,,,,,-0.7032042504546957,-0.6937477937123427
Les investigadores reclamen a una científica que parla japonès per supervisar el projecte,Les investigadores reclamen una científica que parla japonès per supervisar el projecte,SN específic indefinit,-0.7840498089790344,-0.8540073037147522,projecte-aina/roberta-base-ca-v2,,,,,-0.7243142309275249,-0.7142692503435278
Les investigadores reclamen a una científica que parli japonès per supervisar el projecte,Les investigadores reclamen una científica que parli japonès per supervisar el projecte,SN inespecífic indefinit,-0.7809067368507385,-0.8483119010925293,projecte-aina/roberta-base-ca-v2,,,,,-0.6826345313715542,-0.6966966403253738
Els jornalers reclamen a l'Èrica per a la reunió,Els jornalers reclamen l'Èrica per a la reunió,SN específic nom propi,-0.7184774279594421,-0.9692148566246033,projecte-aina/roberta-base-ca-v2,,,,,-0.8635370184654474,-1.0265834551149358
Els jornalers reclamen a la superior que defensa els seus drets per a la reunió,Els jornalers reclamen la superior que defensa els seus drets per a la reunió,SN específic definit,-1.6291420459747314,-1.752057433128357,projecte-aina/roberta-base-ca-v2,,,,,-0.7032042504546957,-0.6937477937123427
Els jornalers reclamen a una superior que defensa els seus drets per a la reunió,Els jornalers reclamen una superior que defensa els seus drets per a la reunió,SN específic indefinit,-1.5044254064559937,-1.8404839038848877,projecte-aina/roberta-base-ca-v2,,,,,-0.7243142309275249,-0.7142692503435278
Els jornalers reclamen a una superior que defensi els seus drets per a la reunió,Els jornalers reclamen una superior que defensi els seus drets per a la reunió,SN inespecífic indefinit,-1.4779826402664185,-1.8240386247634888,projecte-aina/roberta-base-ca-v2,,,,,-0.6826345313715542,-0.6966966403253738
Les periodistes reclamen a la Iolanda per pujar l'audiència,Les periodistes reclamen la Iolanda per pujar l'audiència,SN específic nom propi,-0.9724941253662109,-0.9920169115066528,projecte-aina/roberta-base-ca-v2,,,,,-0.8635370184654474,-1.0265834551149358
Les periodistes reclamen la bloguera que té molts seguidors per pujar l'audiència,Les periodistes reclamen a la bloguera que té molts seguidors per pujar l'audiència,SN específic definit,-0.9756472110748291,-0.7886461019515991,projecte-aina/roberta-base-ca-v2,,,,,-0.7032042504546957,-0.6937477937123427
Les periodistes reclamen una bloguera que té molts seguidors per pujar l'audiència,Les periodistes reclamen a una bloguera que té molts seguidors per pujar l'audiència,SN específic indefinit,-0.9970725774765015,-0.9118034839630127,projecte-aina/roberta-base-ca-v2,,,,,-0.7243142309275249,-0.7142692503435278
Les periodistes reclamen a una bloguera que tingui molts seguidors per pujar l'audiència,Les periodistes reclamen una bloguera que tingui molts seguidors per pujar l'audiència,SN inespecífic indefinit,-0.8058487772941589,-0.930463433265686,projecte-aina/roberta-base-ca-v2,,,,,-0.6826345313715542,-0.6966966403253738
Les venedores exigeixen a la Mònica per a la negociació,Les venedores exigeixen la Mònica per a la negociació,SN específic nom propi,-1.2297927141189575,-1.9153594970703125,projecte-aina/roberta-base-ca-v2,,,,,-0.8635370184654474,-1.0265834551149358
Les venedores exigeixen a l'empresària que és comprensiva per a la negociació,Les venedores exigeixen l'empresària que és comprensiva per a la negociació,SN específic definit,-0.8023650646209717,-0.8369643688201904,projecte-aina/roberta-base-ca-v2,,,,,-0.7032042504546957,-0.6937477937123427
Les venedores exigeixen a una empresària que és comprensiva per a la negociació,Les venedores exigeixen una empresària que és comprensiva per a la negociació,SN específic indefinit,-0.8622207045555115,-0.9363235235214233,projecte-aina/roberta-base-ca-v2,,,,,-0.7243142309275249,-0.7142692503435278
Les venedores exigeixen a una empresària que sigui comprensiva per a la negociació,Les venedores exigeixen una empresària que sigui comprensiva per a la negociació,SN inespecífic indefinit,-0.8428624868392944,-0.9189639091491699,projecte-aina/roberta-base-ca-v2,,,,,-0.6826345313715542,-0.6966966403253738
Els guionistes exigeixen a la Natàlia per protagonitzar la pel·lícula,Els guionistes exigeixen la Natàlia per protagonitzar la pel·lícula,SN específic nom propi,-0.7984111905097961,-0.944649338722229,projecte-aina/roberta-base-ca-v2,,,,,-0.8635370184654474,-1.0265834551149358
Els guionistes exigeixen a l'actriu que és excel·lent per protagonitzar la pel·lícula,Els guionistes exigeixen l'actriu que és excel·lent per protagonitzar la pel·lícula,SN específic definit,-0.36805498600006104,-0.3613913655281067,projecte-aina/roberta-base-ca-v2,,,,,-0.7032042504546957,-0.6937477937123427
Els guionistes exigeixen a una actriu que és excel·lent per protagonitzar la pel·lícula,Els guionistes exigeixen una actriu que és excel·lent per protagonitzar la pel·lícula,SN específic indefinit,-0.42231279611587524,-0.41405612230300903,projecte-aina/roberta-base-ca-v2,,,,,-0.7243142309275249,-0.7142692503435278
Els guionistes exigeixen a una actriu que sigui excel·lent per protagonitzar la pel·lícula,Els guionistes exigeixen una actriu que sigui excel·lent per protagonitzar la pel·lícula,SN inespecífic indefinit,-0.4064764976501465,-0.4289291501045227,projecte-aina/roberta-base-ca-v2,,,,,-0.6826345313715542,-0.6966966403253738
Les espectadores exigeixen a la Nerea per al jurat del concurs,Les espectadores exigeixen la Nerea per al jurat del concurs,SN específic nom propi,-0.788753092288971,-0.8337841629981995,projecte-aina/roberta-base-ca-v2,,,,,-0.8635370184654474,-1.0265834551149358
Les espectadores exigeixen a la cantant que és americana per al jurat del concurs,Les espectadores exigeixen la cantant que és americana per al jurat del concurs,SN específic definit,-0.8888766169548035,-0.7745260000228882,projecte-aina/roberta-base-ca-v2,,,,,-0.7032042504546957,-0.6937477937123427
Les espectadores exigeixen a una cantant que és americana per al jurat del concurs,Les espectadores exigeixen una cantant que és americana per al jurat del concurs,SN específic indefinit,-0.7649712562561035,-0.7178200483322144,projecte-aina/roberta-base-ca-v2,,,,,-0.7243142309275249,-0.7142692503435278
Les espectadores exigeixen a una cantant que sigui americana per al jurat del concurs,Les espectadores exigeixen una cantant que sigui americana per al jurat del concurs,SN inespecífic indefinit,-0.8127835988998413,-0.7614038586616516,projecte-aina/roberta-base-ca-v2,,,,,-0.6826345313715542,-0.6966966403253738
Els malalts exigeixen a la Míriam per començar la intervenció,Els malalts exigeixen la Míriam per començar la intervenció,SN específic nom propi,-0.8673253059387207,-1.8342760801315308,projecte-aina/roberta-base-ca-v2,,,,,-0.8635370184654474,-1.0265834551149358
Els malalts exigeixen a la traumatòloga que sap operar per començar la intervenció,Els malalts exigeixen la traumatòloga que sap operar per començar la intervenció,SN específic definit,-0.3860636353492737,-0.21537527441978455,projecte-aina/roberta-base-ca-v2,,,,,-0.7032042504546957,-0.6937477937123427
Els malalts exigeixen a una traumatòloga que sap operar per començar la intervenció,Els malalts exigeixen una traumatòloga que sap operar per començar la intervenció,SN específic indefinit,-0.40696656703948975,-0.2106814980506897,projecte-aina/roberta-base-ca-v2,,,,,-0.7243142309275249,-0.7142692503435278
Els malalts exigeixen a una traumatòloga que sàpiga operar per començar la intervenció,Els malalts exigeixen una traumatòloga que sàpiga operar per començar la intervenció,SN inespecífic indefinit,-0.429948091506958,-0.2825620770454407,projecte-aina/roberta-base-ca-v2,,,,,-0.6826345313715542,-0.6966966403253738
Els bandits desitgen a la Carmesina per robar tota la seva fortuna,Els bandits desitgen la Carmesina per robar tota la seva fortuna,SN específic nom propi,-0.9171410799026489,-0.8276281356811523,projecte-aina/roberta-base-ca-v2,,,,,-0.8635370184654474,-1.0265834551149358
Els bandits desitgen a l'aristòcrata que té diners per robar tota la seva fortuna,Els bandits desitgen l'aristòcrata que té diners per robar tota la seva fortuna,SN específic definit,-0.6801773309707642,-0.7101323008537292,projecte-aina/roberta-base-ca-v2,,,,,-0.7032042504546957,-0.6937477937123427
Els bandits desitgen a una aristòcrata que té diners per robar tota la seva fortuna,Els bandits desitgen una aristòcrata que té diners per robar tota la seva fortuna,SN específic indefinit,-0.749294638633728,-0.7092440724372864,projecte-aina/roberta-base-ca-v2,,,,,-0.7243142309275249,-0.7142692503435278
Els bandits desitgen a una aristòcrata que tingui diners per robar tota la seva fortuna,Els bandits desitgen una aristòcrata que tingui diners per robar tota la seva fortuna,SN inespecífic indefinit,-0.632616400718689,-0.6610897183418274,projecte-aina/roberta-base-ca-v2,,,,,-0.6826345313715542,-0.6966966403253738
Les reporteres desitgen a la Cristina per a l'entrevista,Les reporteres desitgen la Cristina per a l'entrevista,SN específic nom propi,-0.7792735695838928,-0.8492665886878967,projecte-aina/roberta-base-ca-v2,,,,,-0.8635370184654474,-1.0265834551149358
Les reporteres desitgen a la model que respon totes les preguntes per a l'entrevista,Les reporteres desitgen la model que respon totes les preguntes per a l'entrevista,SN específic definit,-0.5532386898994446,-0.6428591012954712,projecte-aina/roberta-base-ca-v2,,,,,-0.7032042504546957,-0.6937477937123427
Les reporteres desitgen a una model que respon totes les preguntes per a l'entrevista,Les reporteres desitgen una model que respon totes les preguntes per a l'entrevista,SN específic indefinit,-0.7772504091262817,-0.6596781611442566,projecte-aina/roberta-base-ca-v2,,,,,-0.7243142309275249,-0.7142692503435278
Les reporteres desitgen a una model que respongui totes les preguntes per a l'entrevista,Les reporteres desitgen una model que respongui totes les preguntes per a l'entrevista,SN inespecífic indefinit,-0.6741991639137268,-0.6780191659927368,projecte-aina/roberta-base-ca-v2,,,,,-0.6826345313715542,-0.6966966403253738
Els policies busquen a la Carme per detenir-la d'immediat,Els policies busquen la Carme per detenir-la d'immediat,SN específic nom propi,-0.0003303037956357002,-0.0006656318437308073,facebook/xmod-base,-0.007314642274524077,-0.0045864578855798754,0.03472775464250407,0.014802025142442636,-0.002944336369788895,-0.004807970866345891
Els policies busquen a la delinqüent que està en forma per detenir-la d'immediat,Els policies busquen la delinqüent que està en forma per detenir-la d'immediat,SN específic definit,-0.0001749851362546906,-0.00027501635486260056,facebook/xmod-base,,,,,-0.012462558437113734,-0.0025846886204211237
Els policies busquen a una delinqüent que està en forma per detenir-la d'immediat,Els policies busquen una delinqüent que està en forma per detenir-la d'immediat,SN específic indefinit,-0.00016619522648397833,-0.00023811546270735562,facebook/xmod-base,,,,,-0.012996609440657872,-0.009801823449682464
Els policies busquen a una delinqüent que estigui en forma per detenir-la d'immediat,Els policies busquen una delinqüent que estigui en forma per detenir-la d'immediat,SN inespecífic indefinit,-0.00028295390075072646,-0.00044096342753618956,facebook/xmod-base,,,,,-0.0008550648505358064,-0.0011513486058700234
Les amigues busquen a la Bruna per jugar el partit,Les amigues busquen la Bruna per jugar el partit,SN específic nom propi,-7.45427023502998e-05,-8.916602382669225e-05,facebook/xmod-base,,,,,-0.002944336369788895,-0.004807970866345891
Les amigues busquen a la nena que juga a bàsquet per jugar el partit,Les amigues busquen la nena que juga a bàsquet per jugar el partit,SN específic definit,-0.2072104960680008,-0.011343400925397873,facebook/xmod-base,,,,,-0.012462558437113734,-0.0025846886204211237
Les amigues busquen a una nena que juga a bàsquet per jugar el partit,Les amigues busquen una nena que juga a bàsquet per jugar el partit,SN específic indefinit,-0.21023257076740265,-0.0742267444729805,facebook/xmod-base,,,,,-0.012996609440657872,-0.009801823449682464
Les amigues busquen a una nena que jugui a bàsquet per jugar el partit,Les amigues busquen una nena que jugui a bàsquet per jugar el partit,SN inespecífic indefinit,-9.77944364422001e-05,-8.933525532484055e-05,facebook/xmod-base,,,,,-0.0008550648505358064,-0.0011513486058700234
Els propietaris busquen a la Carla per parlar del lloguer,Els propietaris busquen la Carla per parlar del lloguer,SN específic nom propi,-4.334011100581847e-05,-8.09809789643623e-05,facebook/xmod-base,,,,,-0.002944336369788895,-0.004807970866345891
Els propietaris busquen a la inquilina que viu en aquest pis per parlar del lloguer,Els propietaris busquen la inquilina que viu en aquest pis per parlar del lloguer,SN específic definit,-0.0015541588654741645,-0.001201682141982019,facebook/xmod-base,,,,,-0.012462558437113734,-0.0025846886204211237
Els propietaris busquen a una inquilina que viu en aquest pis per parlar del lloguer,Els propietaris busquen una inquilina que viu en aquest pis per parlar del lloguer,SN específic indefinit,-0.002333554904907942,-0.002917272737249732,facebook/xmod-base,,,,,-0.012996609440657872,-0.009801823449682464
Els propietaris busquen a una inquilina que visqui en aquest pis per parlar del lloguer,Els propietaris busquen una inquilina que visqui en aquest pis per parlar del lloguer,SN inespecífic indefinit,-0.0024771157186478376,-0.0016830669483169913,facebook/xmod-base,,,,,-0.0008550648505358064,-0.0011513486058700234
Les detectius busquen a la Victòria per investigar-la,Les detectius busquen la Victòria per investigar-la,SN específic nom propi,-0.0005339504568837583,-0.0007770974771119654,facebook/xmod-base,,,,,-0.002944336369788895,-0.004807970866345891
Les detectius busquen a la noia que és morena per investigar-la,Les detectius busquen la noia que és morena per investigar-la,SN específic definit,-0.004258849658071995,-0.005165559705346823,facebook/xmod-base,,,,,-0.012462558437113734,-0.0025846886204211237
Les detectius busquen a una noia que és morena per investigar-la,Les detectius busquen una noia que és morena per investigar-la,SN específic indefinit,-0.006175464950501919,-0.056821711361408234,facebook/xmod-base,,,,,-0.012996609440657872,-0.009801823449682464
Les detectius busquen a una noia que sigui morena per investigar-la,Les detectius busquen una noia que sigui morena per investigar-la,SN inespecífic indefinit,-0.0023474341724067926,-0.003928373102098703,facebook/xmod-base,,,,,-0.0008550648505358064,-0.0011513486058700234
Les treballadores necessiten a la Patricia per parlar amb un client de Bilbao,Les treballadores necessiten la Patricia per parlar amb un client de Bilbao,SN específic nom propi,-0.0001480370556237176,-0.00011086295126006007,facebook/xmod-base,,,,,-0.002944336369788895,-0.004807970866345891
Les treballadores necessiten a la traductora que sap basc per parlar amb un client de Bilbao,Les treballadores necessiten la traductora que sap basc per parlar amb un client de Bilbao,SN específic definit,-0.00015638397599104792,-0.00019601867825258523,facebook/xmod-base,,,,,-0.012462558437113734,-0.0025846886204211237
Les treballadores necessiten a una traductora que sap basc per parlar amb un client de Bilbao,Les treballadores necessiten una traductora que sap basc per parlar amb un client de Bilbao,SN específic indefinit,-0.00018252695736009628,-0.00020953798957634717,facebook/xmod-base,,,,,-0.012996609440657872,-0.009801823449682464
Les treballadores necessiten a una traductora que sàpiga basc per parlar amb un client de Bilbao,Les treballadores necessiten una traductora que sàpiga basc per parlar amb un client de Bilbao,SN inespecífic indefinit,-0.00017315610602963716,-0.00017343414947390556,facebook/xmod-base,,,,,-0.0008550648505358064,-0.0011513486058700234
Els demandats necessiten a la Susanna per defensar-se,Els demandats necessiten la Susanna per defensar-se,SN específic nom propi,-7.827851368347183e-05,-7.081864168867469e-05,facebook/xmod-base,,,,,-0.002944336369788895,-0.004807970866345891
Els demandats necessiten a l'advocada que té un bufet per defensar-se,Els demandats necessiten l'advocada que té un bufet per defensar-se,SN específic definit,-6.761433178326115e-05,-9.74820795818232e-05,facebook/xmod-base,,,,,-0.012462558437113734,-0.0025846886204211237
Els demandats necessiten a una advocada que té un bufet per defensar-se,Els demandats necessiten una advocada que té un bufet per defensar-se,SN específic indefinit,-5.964024239801802e-05,-6.95925482432358e-05,facebook/xmod-base,,,,,-0.012996609440657872,-0.009801823449682464
Els demandats necessiten a una advocada que tingui un bufet per defensar-se,Els demandats necessiten una advocada que tingui un bufet per defensar-se,SN inespecífic indefinit,-5.675981446984224e-05,-6.568845856236294e-05,facebook/xmod-base,,,,,-0.0008550648505358064,-0.0011513486058700234
Les universitàries necessiten a la Noemí per resoldre uns dubtes,Les universitàries necessiten la Noemí per resoldre uns dubtes,SN específic nom propi,-0.0005377407069317997,-0.0006039761938154697,facebook/xmod-base,,,,,-0.002944336369788895,-0.004807970866345891
Les universitàries necessiten a la becaria que ensenya alemany per resoldre uns dubtes,Les universitàries necessiten la becaria que ensenya alemany per resoldre uns dubtes,SN específic definit,-0.00015884742606431246,-0.000144022487802431,facebook/xmod-base,,,,,-0.012462558437113734,-0.0025846886204211237
Les universitàries necessiten a una becaria que ensenya alemany per resoldre uns dubtes,Les universitàries necessiten una becaria que ensenya alemany per resoldre uns dubtes,SN específic indefinit,-0.00013344769831746817,-0.00014082402049098164,facebook/xmod-base,,,,,-0.012996609440657872,-0.009801823449682464
Les universitàries necessiten a una becaria que ensenyi alemany per resoldre uns dubtes,Les universitàries necessiten una becaria que ensenyi alemany per resoldre uns dubtes,SN inespecífic indefinit,-9.025750478031114e-05,-0.00010830227984115481,facebook/xmod-base,,,,,-0.0008550648505358064,-0.0011513486058700234
Els avis necessiten a la Mercè per dutxar-se,Els avis necessiten la Mercè per dutxar-se,SN específic nom propi,-0.00413653114810586,-0.003110966645181179,facebook/xmod-base,,,,,-0.002944336369788895,-0.004807970866345891
Els avis necessiten a la assistenta que és infermera per dutxar-se,Els avis necessiten la assistenta que és infermera per dutxar-se,SN específic definit,-0.0007908002589829266,-0.0013696312671527267,facebook/xmod-base,,,,,-0.012462558437113734,-0.0025846886204211237
Els avis necessiten a una assistenta que és infermera per dutxar-se,Els avis necessiten una assistenta que és infermera per dutxar-se,SN específic indefinit,-0.0009784928988665342,-0.0016226805746555328,facebook/xmod-base,,,,,-0.012996609440657872,-0.009801823449682464
Els avis necessiten a una assistenta que sigui infermera per dutxar-se,Els avis necessiten una assistenta que sigui infermera per dutxar-se,SN inespecífic indefinit,-0.0011679017916321754,-0.0015478521818295121,facebook/xmod-base,,,,,-0.0008550648505358064,-0.0011513486058700234
Els pacients reclamen a la Pilar perquè es troben molt malament,Els pacients reclamen la Pilar perquè es troben molt malament,SN específic nom propi,-6.852280785096809e-05,-0.0004498428024817258,facebook/xmod-base,,,,,-0.002944336369788895,-0.004807970866345891
Els pacients reclamen a la doctora que és especialista perquè es troben molt malament,Els pacients reclamen la doctora que és especialista perquè es troben molt malament,SN específic definit,-0.0001556793722556904,-5.505175067810342e-05,facebook/xmod-base,,,,,-0.012462558437113734,-0.0025846886204211237
Els pacients reclamen a una doctora que és especialista perquè es troben molt malament,Els pacients reclamen una doctora que és especialista perquè es troben molt malament,SN específic indefinit,-0.00022062097559683025,-7.795256533427164e-05,facebook/xmod-base,,,,,-0.012996609440657872,-0.009801823449682464
Els pacients reclamen a una doctora que sigui especialista perquè es troben molt malament,Els pacients reclamen una doctora que sigui especialista perquè es troben molt malament,SN inespecífic indefinit,-4.530832666205242e-05,-4.101824015378952e-05,facebook/xmod-base,,,,,-0.0008550648505358064,-0.0011513486058700234
Les investigadores reclamen a la Dolors per supervisar el projecte,Les investigadores reclamen la Dolors per supervisar el projecte,SN específic nom propi,-0.00012684956891462207,-0.0001395456347381696,facebook/xmod-base,,,,,-0.002944336369788895,-0.004807970866345891
Les investigadores reclamen a la científica que parla japonès per supervisar el projecte,Les investigadores reclamen la científica que parla japonès per supervisar el projecte,SN específic definit,-0.00013410384417511523,-0.000127725099446252,facebook/xmod-base,,,,,-0.012462558437113734,-0.0025846886204211237
Les investigadores reclamen a una científica que parla japonès per supervisar el projecte,Les investigadores reclamen una científica que parla japonès per supervisar el projecte,SN específic indefinit,-0.00012435643293429166,-0.00011848849680973217,facebook/xmod-base,,,,,-0.012996609440657872,-0.009801823449682464
Les investigadores reclamen a una científica que parli japonès per supervisar el projecte,Les investigadores reclamen una científica que parli japonès per supervisar el projecte,SN inespecífic indefinit,-0.00014838858623988926,-0.00013667556049767882,facebook/xmod-base,,,,,-0.0008550648505358064,-0.0011513486058700234
Els jornalers reclamen a l'Èrica per a la reunió,Els jornalers reclamen l'Èrica per a la reunió,SN específic nom propi,-0.0003514630952849984,-0.0007579558296129107,facebook/xmod-base,,,,,-0.002944336369788895,-0.004807970866345891
Els jornalers reclamen a la superior que defensa els seus drets per a la reunió,Els jornalers reclamen la superior que defensa els seus drets per a la reunió,SN específic definit,-9.633230365579948e-05,-0.0009233495220541954,facebook/xmod-base,,,,,-0.012462558437113734,-0.0025846886204211237
Els jornalers reclamen a una superior que defensa els seus drets per a la reunió,Els jornalers reclamen una superior que defensa els seus drets per a la reunió,SN específic indefinit,-0.0006007109768688679,-0.0009552783449180424,facebook/xmod-base,,,,,-0.012996609440657872,-0.009801823449682464
Els jornalers reclamen a una superior que defensi els seus drets per a la reunió,Els jornalers reclamen una superior que defensi els seus drets per a la reunió,SN inespecífic indefinit,-0.0005217593279667199,-0.0010768333449959755,facebook/xmod-base,,,,,-0.0008550648505358064,-0.0011513486058700234
Les periodistes reclamen a la Iolanda per pujar l'audiència,Les periodistes reclamen la Iolanda per pujar l'audiència,SN específic nom propi,-0.00031375864637084305,-0.0005961212445981801,facebook/xmod-base,,,,,-0.002944336369788895,-0.004807970866345891
Les periodistes reclamen la bloguera que té molts seguidors per pujar l'audiència,Les periodistes reclamen a la bloguera que té molts seguidors per pujar l'audiència,SN específic definit,-5.33725724380929e-05,-5.782559674116783e-05,facebook/xmod-base,,,,,-0.012462558437113734,-0.0025846886204211237
Les periodistes reclamen una bloguera que té molts seguidors per pujar l'audiència,Les periodistes reclamen a una bloguera que té molts seguidors per pujar l'audiència,SN específic indefinit,-5.3397710871649906e-05,-4.8389654693892226e-05,facebook/xmod-base,,,,,-0.012996609440657872,-0.009801823449682464
Les periodistes reclamen a una bloguera que tingui molts seguidors per pujar l'audiència,Les periodistes reclamen una bloguera que tingui molts seguidors per pujar l'audiència,SN inespecífic indefinit,-4.12257868447341e-05,-5.249160312814638e-05,facebook/xmod-base,,,,,-0.0008550648505358064,-0.0011513486058700234
Les venedores exigeixen a la Mònica per a la negociació,Les venedores exigeixen la Mònica per a la negociació,SN específic nom propi,-0.0001493461459176615,-0.0002686503285076469,facebook/xmod-base,,,,,-0.002944336369788895,-0.004807970866345891
Les venedores exigeixen a l'empresària que és comprensiva per a la negociació,Les venedores exigeixen l'empresària que és comprensiva per a la negociació,SN específic definit,-0.00015582452761009336,-0.00017949742323253304,facebook/xmod-base,,,,,-0.012462558437113734,-0.0025846886204211237
Les venedores exigeixen a una empresària que és comprensiva per a la negociació,Les venedores exigeixen una empresària que és comprensiva per a la negociació,SN específic indefinit,-0.0001928700366988778,-0.00025771453510969877,facebook/xmod-base,,,,,-0.012996609440657872,-0.009801823449682464
Les venedores exigeixen a una empresària que sigui comprensiva per a la negociació,Les venedores exigeixen una empresària que sigui comprensiva per a la negociació,SN inespecífic indefinit,-0.00014085568545851856,-0.0002096493262797594,facebook/xmod-base,,,,,-0.0008550648505358064,-0.0011513486058700234
Els guionistes exigeixen a la Natàlia per protagonitzar la pel·lícula,Els guionistes exigeixen la Natàlia per protagonitzar la pel·lícula,SN específic nom propi,-0.0002365818654652685,-0.0003370573103893548,facebook/xmod-base,,,,,-0.002944336369788895,-0.004807970866345891
Els guionistes exigeixen a l'actriu que és excel·lent per protagonitzar la pel·lícula,Els guionistes exigeixen l'actriu que és excel·lent per protagonitzar la pel·lícula,SN específic definit,-2.5075669327634387e-05,-2.617514292069245e-05,facebook/xmod-base,,,,,-0.012462558437113734,-0.0025846886204211237
Els guionistes exigeixen a una actriu que és excel·lent per protagonitzar la pel·lícula,Els guionistes exigeixen una actriu que és excel·lent per protagonitzar la pel·lícula,SN específic indefinit,-7.154680497478694e-05,-6.310944445431232e-05,facebook/xmod-base,,,,,-0.012996609440657872,-0.009801823449682464
Els guionistes exigeixen a una actriu que sigui excel·lent per protagonitzar la pel·lícula,Els guionistes exigeixen una actriu que sigui excel·lent per protagonitzar la pel·lícula,SN inespecífic indefinit,-2.74591311608674e-05,-2.4072947780950926e-05,facebook/xmod-base,,,,,-0.0008550648505358064,-0.0011513486058700234
Les espectadores exigeixen a la Nerea per al jurat del concurs,Les espectadores exigeixen la Nerea per al jurat del concurs,SN específic nom propi,-0.04448036104440689,-0.07727518677711487,facebook/xmod-base,,,,,-0.002944336369788895,-0.004807970866345891
Les espectadores exigeixen a la cantant que és americana per al jurat del concurs,Les espectadores exigeixen la cantant que és americana per al jurat del concurs,SN específic definit,-0.008145222440361977,-0.023852255195379257,facebook/xmod-base,,,,,-0.012462558437113734,-0.0025846886204211237
Les espectadores exigeixen a una cantant que és americana per al jurat del concurs,Les espectadores exigeixen una cantant que és americana per al jurat del concurs,SN específic indefinit,-0.012056228704750538,-0.03830300271511078,facebook/xmod-base,,,,,-0.012996609440657872,-0.009801823449682464
Les espectadores exigeixen a una cantant que sigui americana per al jurat del concurs,Les espectadores exigeixen una cantant que sigui americana per al jurat del concurs,SN inespecífic indefinit,-0.007408109027892351,-0.01075399573892355,facebook/xmod-base,,,,,-0.0008550648505358064,-0.0011513486058700234
Els malalts exigeixen a la Míriam per començar la intervenció,Els malalts exigeixen la Míriam per començar la intervenció,SN específic nom propi,-5.787793270428665e-05,-0.00010732295777415857,facebook/xmod-base,,,,,-0.002944336369788895,-0.004807970866345891
Els malalts exigeixen a la traumatòloga que sap operar per començar la intervenció,Els malalts exigeixen la traumatòloga que sap operar per començar la intervenció,SN específic definit,-9.646217949921265e-05,-0.00010104846296599135,facebook/xmod-base,,,,,-0.012462558437113734,-0.0025846886204211237
Els malalts exigeixen a una traumatòloga que sap operar per començar la intervenció,Els malalts exigeixen una traumatòloga que sap operar per començar la intervenció,SN específic indefinit,-9.74149807007052e-05,-0.00011785629612859339,facebook/xmod-base,,,,,-0.012996609440657872,-0.009801823449682464
Els malalts exigeixen a una traumatòloga que sàpiga operar per començar la intervenció,Els malalts exigeixen una traumatòloga que sàpiga operar per començar la intervenció,SN inespecífic indefinit,-0.00012016097025480121,-0.00012294833140913397,facebook/xmod-base,,,,,-0.0008550648505358064,-0.0011513486058700234
Els bandits desitgen a la Carmesina per robar tota la seva fortuna,Els bandits desitgen la Carmesina per robar tota la seva fortuna,SN específic nom propi,-0.00125828105956316,-0.0010479172924533486,facebook/xmod-base,,,,,-0.002944336369788895,-0.004807970866345891
Els bandits desitgen a l'aristòcrata que té diners per robar tota la seva fortuna,Els bandits desitgen l'aristòcrata que té diners per robar tota la seva fortuna,SN específic definit,-0.0007864115759730339,-0.0011153449304401875,facebook/xmod-base,,,,,-0.012462558437113734,-0.0025846886204211237
Els bandits desitgen a una aristòcrata que té diners per robar tota la seva fortuna,Els bandits desitgen una aristòcrata que té diners per robar tota la seva fortuna,SN específic indefinit,-2.741723983490374e-05,-2.7044517992180772e-05,facebook/xmod-base,,,,,-0.012996609440657872,-0.009801823449682464
Els bandits desitgen a una aristòcrata que tingui diners per robar tota la seva fortuna,Els bandits desitgen una aristòcrata que tingui diners per robar tota la seva fortuna,SN inespecífic indefinit,-2.215796848759055e-05,-2.1804689822602086e-05,facebook/xmod-base,,,,,-0.0008550648505358064,-0.0011513486058700234
Les reporteres desitgen a la Cristina per a l'entrevista,Les reporteres desitgen la Cristina per a l'entrevista,SN específic nom propi,-7.228799950098619e-05,-5.437466097646393e-05,facebook/xmod-base,,,,,-0.002944336369788895,-0.004807970866345891
Les reporteres desitgen a la model que respon totes les preguntes per a l'entrevista,Les reporteres desitgen la model que respon totes les preguntes per a l'entrevista,SN específic definit,-0.0003054316621273756,-0.00029330840334296227,facebook/xmod-base,,,,,-0.012462558437113734,-0.0025846886204211237
Les reporteres desitgen a una model que respon totes les preguntes per a l'entrevista,Les reporteres desitgen una model que respon totes les preguntes per a l'entrevista,SN específic indefinit,-0.0002325124223716557,-0.00021750635642092675,facebook/xmod-base,,,,,-0.012996609440657872,-0.009801823449682464
Les reporteres desitgen a una model que respongui totes les preguntes per a l'entrevista,Les reporteres desitgen una model que respongui totes les preguntes per a l'entrevista,SN inespecífic indefinit,-0.00022236905351746827,-0.000247769319685176,facebook/xmod-base,,,,,-0.0008550648505358064,-0.0011513486058700234
Els policies busquen a la Carme per detenir-la d'immediat,Els policies busquen la Carme per detenir-la d'immediat,SN específic nom propi,-1.6948916912078857,-1.7701002359390259,Twitter/twhin-bert-large,-1.7041952345106337,-1.7983276396989822,0.2713148124141161,0.3002295395930115,-2.0451250076293945,-2.182525270515018
Els policies busquen a la delinqüent que està en forma per detenir-la d'immediat,Els policies busquen la delinqüent que està en forma per detenir-la d'immediat,SN específic definit,-1.2669957876205444,-1.3246275186538696,Twitter/twhin-bert-large,,,,,-1.5959778030713399,-1.6659413907263014
Els policies busquen a una delinqüent que està en forma per detenir-la d'immediat,Els policies busquen una delinqüent que està en forma per detenir-la d'immediat,SN específic indefinit,-1.2718825340270996,-1.3244215250015259,Twitter/twhin-bert-large,,,,,-1.6090385052892897,-1.6907457113265991
Els policies busquen a una delinqüent que estigui en forma per detenir-la d'immediat,Els policies busquen una delinqüent que estigui en forma per detenir-la d'immediat,SN inespecífic indefinit,-1.2705740928649902,-1.3253204822540283,Twitter/twhin-bert-large,,,,,-1.5666396220525105,-1.6540981862280104
Les amigues busquen a la Bruna per jugar el partit,Les amigues busquen la Bruna per jugar el partit,SN específic nom propi,-2.3059325218200684,-2.469083547592163,Twitter/twhin-bert-large,,,,,-2.0451250076293945,-2.182525270515018
Les amigues busquen a la nena que juga a bàsquet per jugar el partit,Les amigues busquen la nena que juga a bàsquet per jugar el partit,SN específic definit,-1.7039802074432373,-1.7935333251953125,Twitter/twhin-bert-large,,,,,-1.5959778030713399,-1.6659413907263014
Les amigues busquen a una nena que juga a bàsquet per jugar el partit,Les amigues busquen una nena que juga a bàsquet per jugar el partit,SN específic indefinit,-1.7137572765350342,-1.801352620124817,Twitter/twhin-bert-large,,,,,-1.6090385052892897,-1.6907457113265991
Les amigues busquen a una nena que jugui a bàsquet per jugar el partit,Les amigues busquen una nena que jugui a bàsquet per jugar el partit,SN inespecífic indefinit,-1.6338609457015991,-1.7157421112060547,Twitter/twhin-bert-large,,,,,-1.5666396220525105,-1.6540981862280104
Els propietaris busquen a la Carla per parlar del lloguer,Els propietaris busquen la Carla per parlar del lloguer,SN específic nom propi,-2.2270121574401855,-2.384686231613159,Twitter/twhin-bert-large,,,,,-2.0451250076293945,-2.182525270515018
Els propietaris busquen a la inquilina que viu en aquest pis per parlar del lloguer,Els propietaris busquen la inquilina que viu en aquest pis per parlar del lloguer,SN específic definit,-1.5975632667541504,-1.671718955039978,Twitter/twhin-bert-large,,,,,-1.5959778030713399,-1.6659413907263014
Els propietaris busquen a una inquilina que viu en aquest pis per parlar del lloguer,Els propietaris busquen una inquilina que viu en aquest pis per parlar del lloguer,SN específic indefinit,-1.6013894081115723,-1.681318998336792,Twitter/twhin-bert-large,,,,,-1.6090385052892897,-1.6907457113265991
Els propietaris busquen a una inquilina que visqui en aquest pis per parlar del lloguer,Els propietaris busquen una inquilina que visqui en aquest pis per parlar del lloguer,SN inespecífic indefinit,-1.5278195142745972,-1.594285488128662,Twitter/twhin-bert-large,,,,,-1.5666396220525105,-1.6540981862280104
Les detectius busquen a la Victòria per investigar-la,Les detectius busquen la Victòria per investigar-la,SN específic nom propi,-2.234586477279663,-2.3934338092803955,Twitter/twhin-bert-large,,,,,-2.0451250076293945,-2.182525270515018
Les detectius busquen a la noia que és morena per investigar-la,Les detectius busquen la noia que és morena per investigar-la,SN específic definit,-1.785588264465332,-1.8837000131607056,Twitter/twhin-bert-large,,,,,-1.5959778030713399,-1.6659413907263014
Les detectius busquen a una noia que és morena per investigar-la,Les detectius busquen una noia que és morena per investigar-la,SN específic indefinit,-1.7864394187927246,-1.8912192583084106,Twitter/twhin-bert-large,,,,,-1.6090385052892897,-1.6907457113265991
Les detectius busquen a una noia que sigui morena per investigar-la,Les detectius busquen una noia que sigui morena per investigar-la,SN inespecífic indefinit,-1.789092779159546,-1.8955154418945312,Twitter/twhin-bert-large,,,,,-1.5666396220525105,-1.6540981862280104
Les treballadores necessiten a la Patricia per parlar amb un client de Bilbao,Les treballadores necessiten la Patricia per parlar amb un client de Bilbao,SN específic nom propi,-1.9062284231185913,-2.0140812397003174,Twitter/twhin-bert-large,,,,,-2.0451250076293945,-2.182525270515018
Les treballadores necessiten a la traductora que sap basc per parlar amb un client de Bilbao,Les treballadores necessiten la traductora que sap basc per parlar amb un client de Bilbao,SN específic definit,-1.4610068798065186,-1.5238938331604004,Twitter/twhin-bert-large,,,,,-1.5959778030713399,-1.6659413907263014
Les treballadores necessiten a una traductora que sap basc per parlar amb un client de Bilbao,Les treballadores necessiten una traductora que sap basc per parlar amb un client de Bilbao,SN específic indefinit,-1.4608718156814575,-1.531400203704834,Twitter/twhin-bert-large,,,,,-1.6090385052892897,-1.6907457113265991
Les treballadores necessiten a una traductora que sàpiga basc per parlar amb un client de Bilbao,Les treballadores necessiten una traductora que sàpiga basc per parlar amb un client de Bilbao,SN inespecífic indefinit,-1.3419276475906372,-1.4008045196533203,Twitter/twhin-bert-large,,,,,-1.5666396220525105,-1.6540981862280104
Els demandats necessiten a la Susanna per defensar-se,Els demandats necessiten la Susanna per defensar-se,SN específic nom propi,-2.0173604488372803,-2.1447699069976807,Twitter/twhin-bert-large,,,,,-2.0451250076293945,-2.182525270515018
Els demandats necessiten a l'advocada que té un bufet per defensar-se,Els demandats necessiten l'advocada que té un bufet per defensar-se,SN específic definit,-1.4381710290908813,-1.5090965032577515,Twitter/twhin-bert-large,,,,,-1.5959778030713399,-1.6659413907263014
Els demandats necessiten a una advocada que té un bufet per defensar-se,Els demandats necessiten una advocada que té un bufet per defensar-se,SN específic indefinit,-1.5002716779708862,-1.5777077674865723,Twitter/twhin-bert-large,,,,,-1.6090385052892897,-1.6907457113265991
Els demandats necessiten a una advocada que tingui un bufet per defensar-se,Els demandats necessiten una advocada que tingui un bufet per defensar-se,SN inespecífic indefinit,-1.5033327341079712,-1.5823626518249512,Twitter/twhin-bert-large,,,,,-1.5666396220525105,-1.6540981862280104
Les universitàries necessiten a la Noemí per resoldre uns dubtes,Les universitàries necessiten la Noemí per resoldre uns dubtes,SN específic nom propi,-1.6600593328475952,-1.757368803024292,Twitter/twhin-bert-large,,,,,-2.0451250076293945,-2.182525270515018
Les universitàries necessiten a la becaria que ensenya alemany per resoldre uns dubtes,Les universitàries necessiten la becaria que ensenya alemany per resoldre uns dubtes,SN específic definit,-1.335906982421875,-1.3947296142578125,Twitter/twhin-bert-large,,,,,-1.5959778030713399,-1.6659413907263014
Les universitàries necessiten a una becaria que ensenya alemany per resoldre uns dubtes,Les universitàries necessiten una becaria que ensenya alemany per resoldre uns dubtes,SN específic indefinit,-1.3456610441207886,-1.4002774953842163,Twitter/twhin-bert-large,,,,,-1.6090385052892897,-1.6907457113265991
Les universitàries necessiten a una becaria que ensenyi alemany per resoldre uns dubtes,Les universitàries necessiten una becaria que ensenyi alemany per resoldre uns dubtes,SN inespecífic indefinit,-1.3506017923355103,-1.404911994934082,Twitter/twhin-bert-large,,,,,-1.5666396220525105,-1.6540981862280104
Els avis necessiten a la Mercè per dutxar-se,Els avis necessiten la Mercè per dutxar-se,SN específic nom propi,-2.1330535411834717,-2.2797882556915283,Twitter/twhin-bert-large,,,,,-2.0451250076293945,-2.182525270515018
Els avis necessiten a la assistenta que és infermera per dutxar-se,Els avis necessiten la assistenta que és infermera per dutxar-se,SN específic definit,-1.691772699356079,-1.7837673425674438,Twitter/twhin-bert-large,,,,,-1.5959778030713399,-1.6659413907263014
Els avis necessiten a una assistenta que és infermera per dutxar-se,Els avis necessiten una assistenta que és infermera per dutxar-se,SN específic indefinit,-1.6947433948516846,-1.7910085916519165,Twitter/twhin-bert-large,,,,,-1.6090385052892897,-1.6907457113265991
Els avis necessiten a una assistenta que sigui infermera per dutxar-se,Els avis necessiten una assistenta que sigui infermera per dutxar-se,SN inespecífic indefinit,-1.7007020711898804,-1.7949042320251465,Twitter/twhin-bert-large,,,,,-1.5666396220525105,-1.6540981862280104
Els pacients reclamen a la Pilar perquè es troben molt malament,Els pacients reclamen la Pilar perquè es troben molt malament,SN específic nom propi,-2.135586977005005,-2.3135762214660645,Twitter/twhin-bert-large,,,,,-2.0451250076293945,-2.182525270515018
Els pacients reclamen a la doctora que és especialista perquè es troben molt malament,Els pacients reclamen la doctora que és especialista perquè es troben molt malament,SN específic definit,-1.689001441001892,-1.7762160301208496,Twitter/twhin-bert-large,,,,,-1.5959778030713399,-1.6659413907263014
Els pacients reclamen a una doctora que és especialista perquè es troben molt malament,Els pacients reclamen una doctora que és especialista perquè es troben molt malament,SN específic indefinit,-1.6970319747924805,-1.7931389808654785,Twitter/twhin-bert-large,,,,,-1.6090385052892897,-1.6907457113265991
Els pacients reclamen a una doctora que sigui especialista perquè es troben molt malament,Els pacients reclamen una doctora que sigui especialista perquè es troben molt malament,SN inespecífic indefinit,-1.6975358724594116,-1.785412073135376,Twitter/twhin-bert-large,,,,,-1.5666396220525105,-1.6540981862280104
Les investigadores reclamen a la Dolors per supervisar el projecte,Les investigadores reclamen la Dolors per supervisar el projecte,SN específic nom propi,-2.223850727081299,-2.389169931411743,Twitter/twhin-bert-large,,,,,-2.0451250076293945,-2.182525270515018
Les investigadores reclamen a la científica que parla japonès per supervisar el projecte,Les investigadores reclamen la científica que parla japonès per supervisar el projecte,SN específic definit,-1.7541096210479736,-1.846617579460144,Twitter/twhin-bert-large,,,,,-1.5959778030713399,-1.6659413907263014
Les investigadores reclamen a una científica que parla japonès per supervisar el projecte,Les investigadores reclamen una científica que parla japonès per supervisar el projecte,SN específic indefinit,-1.7574764490127563,-1.8554306030273438,Twitter/twhin-bert-large,,,,,-1.6090385052892897,-1.6907457113265991
Les investigadores reclamen a una científica que parli japonès per supervisar el projecte,Les investigadores reclamen una científica que parli japonès per supervisar el projecte,SN inespecífic indefinit,-1.662350058555603,-1.7531646490097046,Twitter/twhin-bert-large,,,,,-1.5666396220525105,-1.6540981862280104
Els jornalers reclamen a l'Èrica per a la reunió,Els jornalers reclamen l'Èrica per a la reunió,SN específic nom propi,-2.1141297817230225,-2.25131893157959,Twitter/twhin-bert-large,,,,,-2.0451250076293945,-2.182525270515018
Els jornalers reclamen a la superior que defensa els seus drets per a la reunió,Els jornalers reclamen la superior que defensa els seus drets per a la reunió,SN específic definit,-1.795340657234192,-1.8924154043197632,Twitter/twhin-bert-large,,,,,-1.5959778030713399,-1.6659413907263014
Els jornalers reclamen a una superior que defensa els seus drets per a la reunió,Els jornalers reclamen una superior que defensa els seus drets per a la reunió,SN específic indefinit,-1.7892173528671265,-1.886970043182373,Twitter/twhin-bert-large,,,,,-1.6090385052892897,-1.6907457113265991
Els jornalers reclamen a una superior que defensi els seus drets per a la reunió,Els jornalers reclamen una superior que defensi els seus drets per a la reunió,SN inespecífic indefinit,-1.6295603513717651,-1.7051057815551758,Twitter/twhin-bert-large,,,,,-1.5666396220525105,-1.6540981862280104
Les periodistes reclamen a la Iolanda per pujar l'audiència,Les periodistes reclamen la Iolanda per pujar l'audiència,SN específic nom propi,-2.050360918045044,-2.169405698776245,Twitter/twhin-bert-large,,,,,-2.0451250076293945,-2.182525270515018
Les periodistes reclamen la bloguera que té molts seguidors per pujar l'audiència,Les periodistes reclamen a la bloguera que té molts seguidors per pujar l'audiència,SN específic definit,-1.6937657594680786,-1.614946722984314,Twitter/twhin-bert-large,,,,,-1.5959778030713399,-1.6659413907263014
Les periodistes reclamen una bloguera que té molts seguidors per pujar l'audiència,Les periodistes reclamen a una bloguera que té molts seguidors per pujar l'audiència,SN específic indefinit,-1.7091456651687622,-1.6318939924240112,Twitter/twhin-bert-large,,,,,-1.6090385052892897,-1.6907457113265991
Les periodistes reclamen a una bloguera que tingui molts seguidors per pujar l'audiència,Les periodistes reclamen una bloguera que tingui molts seguidors per pujar l'audiència,SN inespecífic indefinit,-1.6664074659347534,-1.759485125541687,Twitter/twhin-bert-large,,,,,-1.5666396220525105,-1.6540981862280104
Les venedores exigeixen a la Mònica per a la negociació,Les venedores exigeixen la Mònica per a la negociació,SN específic nom propi,-2.2124671936035156,-2.3667633533477783,Twitter/twhin-bert-large,,,,,-2.0451250076293945,-2.182525270515018
Les venedores exigeixen a l'empresària que és comprensiva per a la negociació,Les venedores exigeixen l'empresària que és comprensiva per a la negociació,SN específic definit,-1.783322811126709,-1.8657233715057373,Twitter/twhin-bert-large,,,,,-1.5959778030713399,-1.6659413907263014
Les venedores exigeixen a una empresària que és comprensiva per a la negociació,Les venedores exigeixen una empresària que és comprensiva per a la negociació,SN específic indefinit,-1.7901357412338257,-1.9006283283233643,Twitter/twhin-bert-large,,,,,-1.6090385052892897,-1.6907457113265991
Les venedores exigeixen a una empresària que sigui comprensiva per a la negociació,Les venedores exigeixen una empresària que sigui comprensiva per a la negociació,SN inespecífic indefinit,-1.8328098058700562,-1.9342963695526123,Twitter/twhin-bert-large,,,,,-1.5666396220525105,-1.6540981862280104
Els guionistes exigeixen a la Natàlia per protagonitzar la pel·lícula,Els guionistes exigeixen la Natàlia per protagonitzar la pel·lícula,SN específic nom propi,-1.6667640209197998,-1.8206987380981445,Twitter/twhin-bert-large,,,,,-2.0451250076293945,-2.182525270515018
Els guionistes exigeixen a l'actriu que és excel·lent per protagonitzar la pel·lícula,Els guionistes exigeixen l'actriu que és excel·lent per protagonitzar la pel·lícula,SN específic definit,-1.339759111404419,-1.3909839391708374,Twitter/twhin-bert-large,,,,,-1.5959778030713399,-1.6659413907263014
Els guionistes exigeixen a una actriu que és excel·lent per protagonitzar la pel·lícula,Els guionistes exigeixen una actriu que és excel·lent per protagonitzar la pel·lícula,SN específic indefinit,-1.400722861289978,-1.5768210887908936,Twitter/twhin-bert-large,,,,,-1.6090385052892897,-1.6907457113265991
Els guionistes exigeixen a una actriu que sigui excel·lent per protagonitzar la pel·lícula,Els guionistes exigeixen una actriu que sigui excel·lent per protagonitzar la pel·lícula,SN inespecífic indefinit,-1.4036693572998047,-1.5808390378952026,Twitter/twhin-bert-large,,,,,-1.5666396220525105,-1.6540981862280104
Les espectadores exigeixen a la Nerea per al jurat del concurs,Les espectadores exigeixen la Nerea per al jurat del concurs,SN específic nom propi,-2.142826557159424,-2.2813479900360107,Twitter/twhin-bert-large,,,,,-2.0451250076293945,-2.182525270515018
Les espectadores exigeixen a la cantant que és americana per al jurat del concurs,Les espectadores exigeixen la cantant que és americana per al jurat del concurs,SN específic definit,-1.8010679483413696,-1.903542399406433,Twitter/twhin-bert-large,,,,,-1.5959778030713399,-1.6659413907263014
Les espectadores exigeixen a una cantant que és americana per al jurat del concurs,Les espectadores exigeixen una cantant que és americana per al jurat del concurs,SN específic indefinit,-1.7939523458480835,-1.927929162979126,Twitter/twhin-bert-large,,,,,-1.6090385052892897,-1.6907457113265991
Les espectadores exigeixen a una cantant que sigui americana per al jurat del concurs,Les espectadores exigeixen una cantant que sigui americana per al jurat del concurs,SN inespecífic indefinit,-1.7913751602172852,-1.9229403734207153,Twitter/twhin-bert-large,,,,,-1.5666396220525105,-1.6540981862280104
Els malalts exigeixen a la Míriam per començar la intervenció,Els malalts exigeixen la Míriam per començar la intervenció,SN específic nom propi,-2.164651870727539,-2.298403024673462,Twitter/twhin-bert-large,,,,,-2.0451250076293945,-2.182525270515018
Els malalts exigeixen a la traumatòloga que sap operar per començar la intervenció,Els malalts exigeixen la traumatòloga que sap operar per començar la intervenció,SN específic definit,-1.8106544017791748,-1.9152889251708984,Twitter/twhin-bert-large,,,,,-1.5959778030713399,-1.6659413907263014
Els malalts exigeixen a una traumatòloga que sap operar per començar la intervenció,Els malalts exigeixen una traumatòloga que sap operar per començar la intervenció,SN específic indefinit,-1.8147708177566528,-1.909250259399414,Twitter/twhin-bert-large,,,,,-1.6090385052892897,-1.6907457113265991
Els malalts exigeixen a una traumatòloga que sàpiga operar per començar la intervenció,Els malalts exigeixen una traumatòloga que sàpiga operar per començar la intervenció,SN inespecífic indefinit,-1.6144450902938843,-1.7108722925186157,Twitter/twhin-bert-large,,,,,-1.5666396220525105,-1.6540981862280104
Els bandits desitgen a la Carmesina per robar tota la seva fortuna,Els bandits desitgen la Carmesina per robar tota la seva fortuna,SN específic nom propi,-1.8760769367218018,-2.0051612854003906,Twitter/twhin-bert-large,,,,,-2.0451250076293945,-2.182525270515018
Els bandits desitgen a l'aristòcrata que té diners per robar tota la seva fortuna,Els bandits desitgen l'aristòcrata que té diners per robar tota la seva fortuna,SN específic definit,-1.3549480438232422,-1.4076346158981323,Twitter/twhin-bert-large,,,,,-1.5959778030713399,-1.6659413907263014
Els bandits desitgen a una aristòcrata que té diners per robar tota la seva fortuna,Els bandits desitgen una aristòcrata que té diners per robar tota la seva fortuna,SN específic indefinit,-1.4162087440490723,-1.4693812131881714,Twitter/twhin-bert-large,,,,,-1.6090385052892897,-1.6907457113265991
Els bandits desitgen a una aristòcrata que tingui diners per robar tota la seva fortuna,Els bandits desitgen una aristòcrata que tingui diners per robar tota la seva fortuna,SN inespecífic indefinit,-1.4209656715393066,-1.4853473901748657,Twitter/twhin-bert-large,,,,,-1.5666396220525105,-1.6540981862280104
Les reporteres desitgen a la Cristina per a l'entrevista,Les reporteres desitgen la Cristina per a l'entrevista,SN específic nom propi,-2.04641056060791,-2.176297664642334,Twitter/twhin-bert-large,,,,,-2.0451250076293945,-2.182525270515018
Les reporteres desitgen a la model que respon totes les preguntes per a l'entrevista,Les reporteres desitgen la model que respon totes les preguntes per a l'entrevista,SN específic definit,-1.4246455430984497,-1.488508939743042,Twitter/twhin-bert-large,,,,,-1.5959778030713399,-1.6659413907263014
Les reporteres desitgen a una model que respon totes les preguntes per a l'entrevista,Les reporteres desitgen una model que respon totes les preguntes per a l'entrevista,SN específic indefinit,-1.419014573097229,-1.483272671699524,Twitter/twhin-bert-large,,,,,-1.6090385052892897,-1.6907457113265991
Les reporteres desitgen a una model que respongui totes les preguntes per a l'entrevista,Les reporteres desitgen una model que respongui totes les preguntes per a l'entrevista,SN inespecífic indefinit,-1.3624827861785889,-1.4224573373794556,Twitter/twhin-bert-large,,,,,-1.5666396220525105,-1.6540981862280104
Els policies busquen a la Carme per detenir-la d'immediat,Els policies busquen la Carme per detenir-la d'immediat,SN específic nom propi,-8.30065255286172e-05,-0.00013335900439415127,facebook/xlm-v-base,-0.016402269045127267,-0.041021632284784774,0.04405745516324191,0.14384438488798978,-0.044941855277607426,-0.13848508418838415
Els policies busquen a la delinqüent que està en forma per detenir-la d'immediat,Els policies busquen la delinqüent que està en forma per detenir-la d'immediat,SN específic definit,-0.0002213775151176378,-0.00036060941056348383,facebook/xlm-v-base,,,,,-0.004779086375896845,-0.008041385221481
Els policies busquen a una delinqüent que està en forma per detenir-la d'immediat,Els policies busquen una delinqüent que està en forma per detenir-la d'immediat,SN específic indefinit,-0.00024029359337873757,-0.00025357946287840605,facebook/xlm-v-base,,,,,-0.008374576889562176,-0.01051403320217206
Els policies busquen a una delinqüent que estigui en forma per detenir-la d'immediat,Els policies busquen una delinqüent que estigui en forma per detenir-la d'immediat,SN inespecífic indefinit,-0.00011435713531682268,-0.00012687883281614631,facebook/xlm-v-base,,,,,-0.007513557637442621,-0.0070460265271018825
Les amigues busquen a la Bruna per jugar el partit,Les amigues busquen la Bruna per jugar el partit,SN específic nom propi,-0.001989166485145688,-0.002493072533980012,facebook/xlm-v-base,,,,,-0.044941855277607426,-0.13848508418838415
Les amigues busquen a la nena que juga a bàsquet per jugar el partit,Les amigues busquen la nena que juga a bàsquet per jugar el partit,SN específic definit,-0.0008394758333452046,-0.0010982770472764969,facebook/xlm-v-base,,,,,-0.004779086375896845,-0.008041385221481
Les amigues busquen a una nena que juga a bàsquet per jugar el partit,Les amigues busquen una nena que juga a bàsquet per jugar el partit,SN específic indefinit,-0.0018482300220057368,-0.002396584954112768,facebook/xlm-v-base,,,,,-0.008374576889562176,-0.01051403320217206
Les amigues busquen a una nena que jugui a bàsquet per jugar el partit,Les amigues busquen una nena que jugui a bàsquet per jugar el partit,SN inespecífic indefinit,-0.0017203716561198235,-0.0020715524442493916,facebook/xlm-v-base,,,,,-0.007513557637442621,-0.0070460265271018825
Els propietaris busquen a la Carla per parlar del lloguer,Els propietaris busquen la Carla per parlar del lloguer,SN específic nom propi,-0.0002684765786398202,-0.0005133848171681166,facebook/xlm-v-base,,,,,-0.044941855277607426,-0.13848508418838415
Els propietaris busquen a la inquilina que viu en aquest pis per parlar del lloguer,Els propietaris busquen la inquilina que viu en aquest pis per parlar del lloguer,SN específic definit,-1.3363671314436942e-05,-1.1114108929177746e-05,facebook/xlm-v-base,,,,,-0.004779086375896845,-0.008041385221481
Els propietaris busquen a una inquilina que viu en aquest pis per parlar del lloguer,Els propietaris busquen una inquilina que viu en aquest pis per parlar del lloguer,SN específic indefinit,-1.6072506696218625e-05,-1.1233422810619231e-05,facebook/xlm-v-base,,,,,-0.008374576889562176,-0.01051403320217206
Els propietaris busquen a una inquilina que visqui en aquest pis per parlar del lloguer,Els propietaris busquen una inquilina que visqui en aquest pis per parlar del lloguer,SN inespecífic indefinit,-1.504481588199269e-05,-1.2337724001554307e-05,facebook/xlm-v-base,,,,,-0.007513557637442621,-0.0070460265271018825
Les detectius busquen a la Victòria per investigar-la,Les detectius busquen la Victòria per investigar-la,SN específic nom propi,-0.001618270529434085,-0.0024875570088624954,facebook/xlm-v-base,,,,,-0.044941855277607426,-0.13848508418838415
Les detectius busquen a la noia que és morena per investigar-la,Les detectius busquen la noia que és morena per investigar-la,SN específic definit,-0.00038032111478969455,-0.0009381600539200008,facebook/xlm-v-base,,,,,-0.004779086375896845,-0.008041385221481
Les detectius busquen a una noia que és morena per investigar-la,Les detectius busquen una noia que és morena per investigar-la,SN específic indefinit,-0.0010021646739915013,-0.0044637112878263,facebook/xlm-v-base,,,,,-0.008374576889562176,-0.01051403320217206
Les detectius busquen a una noia que sigui morena per investigar-la,Les detectius busquen una noia que sigui morena per investigar-la,SN inespecífic indefinit,-0.00012915057595819235,-0.0006300067179836333,facebook/xlm-v-base,,,,,-0.007513557637442621,-0.0070460265271018825
Les treballadores necessiten a la Patricia per parlar amb un client de Bilbao,Les treballadores necessiten la Patricia per parlar amb un client de Bilbao,SN específic nom propi,-0.0012496892595663667,-0.0020394916646182537,facebook/xlm-v-base,,,,,-0.044941855277607426,-0.13848508418838415
Les treballadores necessiten a la traductora que sap basc per parlar amb un client de Bilbao,Les treballadores necessiten la traductora que sap basc per parlar amb un client de Bilbao,SN específic definit,-0.001054242835380137,-0.001050506834872067,facebook/xlm-v-base,,,,,-0.004779086375896845,-0.008041385221481
Les treballadores necessiten a una traductora que sap basc per parlar amb un client de Bilbao,Les treballadores necessiten una traductora que sap basc per parlar amb un client de Bilbao,SN específic indefinit,-0.0011996367247775197,-0.0015417858958244324,facebook/xlm-v-base,,,,,-0.008374576889562176,-0.01051403320217206
Les treballadores necessiten a una traductora que sàpiga basc per parlar amb un client de Bilbao,Les treballadores necessiten una traductora que sàpiga basc per parlar amb un client de Bilbao,SN inespecífic indefinit,-0.0011474238708615303,-0.0013776392443105578,facebook/xlm-v-base,,,,,-0.007513557637442621,-0.0070460265271018825
Els demandats necessiten a la Susanna per defensar-se,Els demandats necessiten la Susanna per defensar-se,SN específic nom propi,-0.0024276776239275932,-0.005406735930591822,facebook/xlm-v-base,,,,,-0.044941855277607426,-0.13848508418838415
Els demandats necessiten a l'advocada que té un bufet per defensar-se,Els demandats necessiten l'advocada que té un bufet per defensar-se,SN específic definit,-0.007467593997716904,-0.006824609357863665,facebook/xlm-v-base,,,,,-0.004779086375896845,-0.008041385221481
Els demandats necessiten a una advocada que té un bufet per defensar-se,Els demandats necessiten una advocada que té un bufet per defensar-se,SN específic indefinit,-0.010424809530377388,-0.008828801102936268,facebook/xlm-v-base,,,,,-0.008374576889562176,-0.01051403320217206
Els demandats necessiten a una advocada que tingui un bufet per defensar-se,Els demandats necessiten una advocada que tingui un bufet per defensar-se,SN inespecífic indefinit,-0.009738964028656483,-0.009595946408808231,facebook/xlm-v-base,,,,,-0.007513557637442621,-0.0070460265271018825
Les universitàries necessiten a la Noemí per resoldre uns dubtes,Les universitàries necessiten la Noemí per resoldre uns dubtes,SN específic nom propi,-0.1302770972251892,-0.17705358564853668,facebook/xlm-v-base,,,,,-0.044941855277607426,-0.13848508418838415
Les universitàries necessiten a la becaria que ensenya alemany per resoldre uns dubtes,Les universitàries necessiten la becaria que ensenya alemany per resoldre uns dubtes,SN específic definit,-0.02567467838525772,-0.04937378689646721,facebook/xlm-v-base,,,,,-0.004779086375896845,-0.008041385221481
Les universitàries necessiten a una becaria que ensenya alemany per resoldre uns dubtes,Les universitàries necessiten una becaria que ensenya alemany per resoldre uns dubtes,SN específic indefinit,-0.04760321229696274,-0.09641310572624207,facebook/xlm-v-base,,,,,-0.008374576889562176,-0.01051403320217206
Les universitàries necessiten a una becaria que ensenyi alemany per resoldre uns dubtes,Les universitàries necessiten una becaria que ensenyi alemany per resoldre uns dubtes,SN inespecífic indefinit,-0.04512351378798485,-0.04076771438121796,facebook/xlm-v-base,,,,,-0.007513557637442621,-0.0070460265271018825
Els avis necessiten a la Mercè per dutxar-se,Els avis necessiten la Mercè per dutxar-se,SN específic nom propi,-6.991832924541086e-05,-0.0004622155975084752,facebook/xlm-v-base,,,,,-0.044941855277607426,-0.13848508418838415
Els avis necessiten a la assistenta que és infermera per dutxar-se,Els avis necessiten la assistenta que és infermera per dutxar-se,SN específic definit,-8.961513231042773e-05,-0.00015757740766275674,facebook/xlm-v-base,,,,,-0.004779086375896845,-0.008041385221481
Els avis necessiten a una assistenta que és infermera per dutxar-se,Els avis necessiten una assistenta que és infermera per dutxar-se,SN específic indefinit,-6.963148189242929e-05,-0.00010555420885793865,facebook/xlm-v-base,,,,,-0.008374576889562176,-0.01051403320217206
Els avis necessiten a una assistenta que sigui infermera per dutxar-se,Els avis necessiten una assistenta que sigui infermera per dutxar-se,SN inespecífic indefinit,-2.9931885364931077e-05,-3.6272340366849676e-05,facebook/xlm-v-base,,,,,-0.007513557637442621,-0.0070460265271018825
Els pacients reclamen a la Pilar perquè es troben molt malament,Els pacients reclamen la Pilar perquè es troben molt malament,SN específic nom propi,-0.005743818823248148,-0.023674743250012398,facebook/xlm-v-base,,,,,-0.044941855277607426,-0.13848508418838415
Els pacients reclamen a la doctora que és especialista perquè es troben molt malament,Els pacients reclamen la doctora que és especialista perquè es troben molt malament,SN específic definit,-0.0003656840417534113,-0.0002325452514924109,facebook/xlm-v-base,,,,,-0.004779086375896845,-0.008041385221481
Els pacients reclamen a una doctora que és especialista perquè es troben molt malament,Els pacients reclamen una doctora que és especialista perquè es troben molt malament,SN específic indefinit,-0.0031874352134764194,-0.0012784074060618877,facebook/xlm-v-base,,,,,-0.008374576889562176,-0.01051403320217206
Els pacients reclamen a una doctora que sigui especialista perquè es troben molt malament,Els pacients reclamen una doctora que sigui especialista perquè es troben molt malament,SN inespecífic indefinit,-0.0007612835615873337,-0.0002634057600516826,facebook/xlm-v-base,,,,,-0.007513557637442621,-0.0070460265271018825
Les investigadores reclamen a la Dolors per supervisar el projecte,Les investigadores reclamen la Dolors per supervisar el projecte,SN específic nom propi,-0.1259480118751526,-0.5466119647026062,facebook/xlm-v-base,,,,,-0.044941855277607426,-0.13848508418838415
Les investigadores reclamen a la científica que parla japonès per supervisar el projecte,Les investigadores reclamen la científica que parla japonès per supervisar el projecte,SN específic definit,-0.0001998940424527973,-0.001277228002436459,facebook/xlm-v-base,,,,,-0.004779086375896845,-0.008041385221481
Les investigadores reclamen a una científica que parla japonès per supervisar el projecte,Les investigadores reclamen una científica que parla japonès per supervisar el projecte,SN específic indefinit,-0.0003220113867428154,-0.0012847440084442496,facebook/xlm-v-base,,,,,-0.008374576889562176,-0.01051403320217206
Les investigadores reclamen a una científica que parli japonès per supervisar el projecte,Les investigadores reclamen una científica que parli japonès per supervisar el projecte,SN inespecífic indefinit,-0.002027281792834401,-0.0032876566983759403,facebook/xlm-v-base,,,,,-0.007513557637442621,-0.0070460265271018825
Els jornalers reclamen a l'Èrica per a la reunió,Els jornalers reclamen l'Èrica per a la reunió,SN específic nom propi,-0.0032789602410048246,-0.0012090492527931929,facebook/xlm-v-base,,,,,-0.044941855277607426,-0.13848508418838415
Els jornalers reclamen a la superior que defensa els seus drets per a la reunió,Els jornalers reclamen la superior que defensa els seus drets per a la reunió,SN específic definit,-0.010809006169438362,-0.05714932829141617,facebook/xlm-v-base,,,,,-0.004779086375896845,-0.008041385221481
Els jornalers reclamen a una superior que defensa els seus drets per a la reunió,Els jornalers reclamen una superior que defensa els seus drets per a la reunió,SN específic indefinit,-0.01021408662199974,-0.022226357832551003,facebook/xlm-v-base,,,,,-0.008374576889562176,-0.01051403320217206
Els jornalers reclamen a una superior que defensi els seus drets per a la reunió,Els jornalers reclamen una superior que defensi els seus drets per a la reunió,SN inespecífic indefinit,-0.006301051937043667,-0.009215695783495903,facebook/xlm-v-base,,,,,-0.007513557637442621,-0.0070460265271018825
Les periodistes reclamen a la Iolanda per pujar l'audiència,Les periodistes reclamen la Iolanda per pujar l'audiència,SN específic nom propi,-0.1237170621752739,-0.47187507152557373,facebook/xlm-v-base,,,,,-0.044941855277607426,-0.13848508418838415
Les periodistes reclamen la bloguera que té molts seguidors per pujar l'audiència,Les periodistes reclamen a la bloguera que té molts seguidors per pujar l'audiència,SN específic definit,-0.00013529456919059157,-0.00013136483903508633,facebook/xlm-v-base,,,,,-0.004779086375896845,-0.008041385221481
Les periodistes reclamen una bloguera que té molts seguidors per pujar l'audiència,Les periodistes reclamen a una bloguera que té molts seguidors per pujar l'audiència,SN específic indefinit,-0.00023047567810863256,-0.00021753211331088096,facebook/xlm-v-base,,,,,-0.008374576889562176,-0.01051403320217206
Les periodistes reclamen a una bloguera que tingui molts seguidors per pujar l'audiència,Les periodistes reclamen una bloguera que tingui molts seguidors per pujar l'audiència,SN inespecífic indefinit,-0.00020524485444184393,-0.00019412134133744985,facebook/xlm-v-base,,,,,-0.007513557637442621,-0.0070460265271018825
Les venedores exigeixen a la Mònica per a la negociació,Les venedores exigeixen la Mònica per a la negociació,SN específic nom propi,-0.006782663054764271,-0.16453152894973755,facebook/xlm-v-base,,,,,-0.044941855277607426,-0.13848508418838415
Les venedores exigeixen a l'empresària que és comprensiva per a la negociació,Les venedores exigeixen l'empresària que és comprensiva per a la negociació,SN específic definit,-0.00033315911423414946,-0.00044837078894488513,facebook/xlm-v-base,,,,,-0.004779086375896845,-0.008041385221481
Les venedores exigeixen a una empresària que és comprensiva per a la negociació,Les venedores exigeixen una empresària que és comprensiva per a la negociació,SN específic indefinit,-0.0012371329357847571,-0.0007792223477736115,facebook/xlm-v-base,,,,,-0.008374576889562176,-0.01051403320217206
Les venedores exigeixen a una empresària que sigui comprensiva per a la negociació,Les venedores exigeixen una empresària que sigui comprensiva per a la negociació,SN inespecífic indefinit,-0.000295328936772421,-0.00033820257522165775,facebook/xlm-v-base,,,,,-0.007513557637442621,-0.0070460265271018825
Els guionistes exigeixen a la Natàlia per protagonitzar la pel·lícula,Els guionistes exigeixen la Natàlia per protagonitzar la pel·lícula,SN específic nom propi,-0.0002637049474287778,-0.00015514995902776718,facebook/xlm-v-base,,,,,-0.044941855277607426,-0.13848508418838415
Els guionistes exigeixen a l'actriu que és excel·lent per protagonitzar la pel·lícula,Els guionistes exigeixen l'actriu que és excel·lent per protagonitzar la pel·lícula,SN específic definit,-0.003438012208789587,-0.0016147998394444585,facebook/xlm-v-base,,,,,-0.004779086375896845,-0.008041385221481
Els guionistes exigeixen a una actriu que és excel·lent per protagonitzar la pel·lícula,Els guionistes exigeixen una actriu que és excel·lent per protagonitzar la pel·lícula,SN específic indefinit,-0.004859822802245617,-0.0012277133064344525,facebook/xlm-v-base,,,,,-0.008374576889562176,-0.01051403320217206
Els guionistes exigeixen a una actriu que sigui excel·lent per protagonitzar la pel·lícula,Els guionistes exigeixen una actriu que sigui excel·lent per protagonitzar la pel·lícula,SN inespecífic indefinit,-0.0006463525933213532,-0.00010925028618657961,facebook/xlm-v-base,,,,,-0.007513557637442621,-0.0070460265271018825
Les espectadores exigeixen a la Nerea per al jurat del concurs,Les espectadores exigeixen la Nerea per al jurat del concurs,SN específic nom propi,-0.2915203273296356,-0.9889548420906067,facebook/xlm-v-base,,,,,-0.044941855277607426,-0.13848508418838415
Les espectadores exigeixen a la cantant que és americana per al jurat del concurs,Les espectadores exigeixen la cantant que és americana per al jurat del concurs,SN específic definit,-0.023469481617212296,-0.018233591690659523,facebook/xlm-v-base,,,,,-0.004779086375896845,-0.008041385221481
Les espectadores exigeixen a una cantant que és americana per al jurat del concurs,Les espectadores exigeixen una cantant que és americana per al jurat del concurs,SN específic indefinit,-0.04920586571097374,-0.04583495855331421,facebook/xlm-v-base,,,,,-0.008374576889562176,-0.01051403320217206
Les espectadores exigeixen a una cantant que sigui americana per al jurat del concurs,Les espectadores exigeixen una cantant que sigui americana per al jurat del concurs,SN inespecífic indefinit,-0.06162917613983154,-0.05725841969251633,facebook/xlm-v-base,,,,,-0.007513557637442621,-0.0070460265271018825
Els malalts exigeixen a la Míriam per començar la intervenció,Els malalts exigeixen la Míriam per començar la intervenció,SN específic nom propi,-0.005588878877460957,-0.09104114025831223,facebook/xlm-v-base,,,,,-0.044941855277607426,-0.13848508418838415
Els malalts exigeixen a la traumatòloga que sap operar per començar la intervenció,Els malalts exigeixen la traumatòloga que sap operar per començar la intervenció,SN específic definit,-0.00892435759305954,-0.0023072476033121347,facebook/xlm-v-base,,,,,-0.004779086375896845,-0.008041385221481
Els malalts exigeixen a una traumatòloga que sap operar per començar la intervenció,Els malalts exigeixen una traumatòloga que sap operar per començar la intervenció,SN específic indefinit,-0.011382060125470161,-0.0018022018484771252,facebook/xlm-v-base,,,,,-0.008374576889562176,-0.01051403320217206
Els malalts exigeixen a una traumatòloga que sàpiga operar per començar la intervenció,Els malalts exigeixen una traumatòloga que sàpiga operar per començar la intervenció,SN inespecífic indefinit,-0.004801333881914616,-0.0012934383703395724,facebook/xlm-v-base,,,,,-0.007513557637442621,-0.0070460265271018825
Els bandits desitgen a la Carmesina per robar tota la seva fortuna,Els bandits desitgen la Carmesina per robar tota la seva fortuna,SN específic nom propi,-0.10636887699365616,-0.013787261210381985,facebook/xlm-v-base,,,,,-0.044941855277607426,-0.13848508418838415
Els bandits desitgen a l'aristòcrata que té diners per robar tota la seva fortuna,Els bandits desitgen l'aristòcrata que té diners per robar tota la seva fortuna,SN específic definit,-0.0011562779545783997,-0.0029801458586007357,facebook/xlm-v-base,,,,,-0.004779086375896845,-0.008041385221481
Els bandits desitgen a una aristòcrata que té diners per robar tota la seva fortuna,Els bandits desitgen una aristòcrata que té diners per robar tota la seva fortuna,SN específic indefinit,-0.007439281791448593,-0.0005321738426573575,facebook/xlm-v-base,,,,,-0.008374576889562176,-0.01051403320217206
Els bandits desitgen a una aristòcrata que tingui diners per robar tota la seva fortuna,Els bandits desitgen una aristòcrata que tingui diners per robar tota la seva fortuna,SN inespecífic indefinit,-0.0002634072443470359,-0.00016963841335382313,facebook/xlm-v-base,,,,,-0.007513557637442621,-0.0070460265271018825
Les reporteres desitgen a la Cristina per a l'entrevista,Les reporteres desitgen la Cristina per a l'entrevista,SN específic nom propi,-0.0017577881226316094,-0.00030136198620311916,facebook/xlm-v-base,,,,,-0.044941855277607426,-0.13848508418838415
Les reporteres desitgen a la model que respon totes les preguntes per a l'entrevista,Les reporteres desitgen la model que respon totes les preguntes per a l'entrevista,SN específic definit,-0.0014517189702019095,-0.0005556707037612796,facebook/xlm-v-base,,,,,-0.004779086375896845,-0.008041385221481
Les reporteres desitgen a una model que respon totes les preguntes per a l'entrevista,Les reporteres desitgen una model que respon totes les preguntes per a l'entrevista,SN específic indefinit,-0.00026016091578640044,-5.49303185835015e-05,facebook/xlm-v-base,,,,,-0.008374576889562176,-0.01051403320217206
Les reporteres desitgen a una model que respongui totes les preguntes per a l'entrevista,Les reporteres desitgen una model que respongui totes les preguntes per a l'entrevista,SN inespecífic indefinit,-0.0002948187757283449,-8.030047320062295e-05,facebook/xlm-v-base,,,,,-0.007513557637442621,-0.0070460265271018825
